;;;;;;;;;;;;;;;;;;;;;;;;;;;Código: F-147-LIME;;;;;;;;;;;;;;;;;;;;;;
;Equipos dados de baja;;;;;;;;;;;;;;;;;;;;;;;;;;;;;;;;;;;;;;;;;;;;;;;;
;Equipos para uso solo en investigación;;;;;;;;;;;;;;;;;;;;;;;;;;Versión: 04;;;;;;;;;;;;;;;;;;;;;;
;;;;;;;;;;;;;;;;;;;;;;;;;;;;;;;;;;;;;;;;;;;;;;;;;
;;;;;;;;;;;;;;;INVENTARIO EQUIPOS BIOMÉDICOS, INDUSTRIALES Y GASES;;;;;;;;;;;;;;;;;;;;;;;;;;;;;;;;;;
;;;;;;;;;;;;;;;;;;;;;;;;;;;;;;;;;;;;;;;;;;;;;;;;;
INFORMACIÓN GENERAL EQUIPOS;;;;;;;;;;;;;;;REGISTRO HISTÓRICO;;;;;;;;;;;INVENTARIO DE DOCUMENTOS;;;;;;;;INFORMACIÓN METROLÓGICA ADMINISTRATIVA;;;;INFORMACIÓN METROLÓGICA TÉCNICA;;;;;CONDICIONES DE FUNCIONAMIENTO;;;;;;
;;;;;;;;;;;;;;;;;;;;;;;;;;;;;;;;;;;;;;;;;;;;;;;;;
Proceso;Nombre del equipo;Código de inventario interno del laboratorio y/o asignado por UdeA;Código IPS;Código ECRI;Responsable del proceso en el que interviene el equipo y/o inventario UdeA;Ubicación física;Marca;Modelo;Serie;Clasificación según eje misional (Docencia y/o Investigación y/o Extensión);Clasificación IPS (IND-BIO-Gases);Clasificación por riesgo;Registro Invima/Permiso comercialización/No Requiere;Tiempo de vida útil;Antigüedad del eq. (F. adquisición);Propietario del equipo;Fecha de fabricación;NIT;Proveedor equipo;Está en garantía (Si/No);Fecha finalización garantía;Forma de adquisición;Tipo de documento;Número de documento;Valor de compra;Hoja de vida;Registro de importación;Manual operación (Esp);Manual servicio mto (Esp);Guía Rápida de uso;Instructivo de manejo rápido de equipos;Protocolo Mto Prev.;Frecuencia metrológica fabricante;Mantenimiento Si/No;Frecuencia anual mantenimiento;Calibración Si/No;Frecuencia anual calibración;Magnitud;Rango del equipo;Resolución;Rango de trabajo;Error máximo permitido;Voltaje;Corriente;Humedad relativa;Temperatura;Dimensiones;Peso;Otros
Patología;Agitador Vórtex;71246;BIO-16452;15-651;Martha Londoño;Inmunohistoquímica;Scientific Industries;G-560;2-218817;Extensión e Invetigación;BIO;;;;;UdeA;;;;;;;;;;;;;;;;;;Si;1;No;N/A;;;;;;120 VAC;0,5 A;;;;;Frecuencia: 60 Hz  
Patología;Aire Acondicionado;149289;Pendiente;NT;Juliana;Cuarto criostato;LG;P131CM;305CYYQ00562;Extensión e Invetigación;IND;;;;;UdeA;;;;;;;;;;;;;;;;;;Si;1;No;N/A;;;;;;;;;;;;
Patología;Aire Acondicionado Residentes;163471;Pendiente;;Patologos, residentes y personal del almacen;Salon de residentes;LG;LP1214GXR;511CYTB00105;N/A;IND;N/A;N/A;;;Donación personal Patología;;;Comercial y servicios Larco S.A.S;;;;;;;;;;;;;;;No;N/A;No;N/A;;;;;;115 VAC;11,5 A;;;;;Capacidad 12000 Btu/h                Potencia 1270 W Frecuancia: 60 Hz
Patología;Aire Acondicionado Secretaría;167302 / 064529;Pendiente;;Secretarias y personal del almacen;Secretaria Principal;LG;LP1214GXR;603CYNL00223;N/A;IND;N/A;N/A;;;Donación personal Patología;;;Comercial y servicios Larco S.A.S;;;;;;;;;;;;;;;No;N/A;No;N/A;;;;;;115 VAC;11,5 A;;;;;Capacidad 12000 Btu/h                Potencia 1270 W Frecuancia: 60 Hz
Patología;Balanza Analítica;109414 / 063762;BIO-16453;18-449;Juliana;Histoquímica;A&D Company;HR-200;12312707;Extensión e Invetigación;BIO;;;;;UdeA;;;;;;;;;;;;;;;;;;Si;2;Si;2;Masa;Máx. 210 g;0,1 mg;;;Entrada adapatador de voltaje: 120 VAC                 Salida adaptador de voltaje: 12 VDC;Salida adaptador de voltaje: 0,3 A;;;;;
Patología;Balanza Analítica;072235;BIO-16454;18-449;Juliana;Cuarto criostato;A&D Company;HA-202M;10400268;Extensión e Invetigación;BIO;;;;;UdeA;;;;;;;;;;;;;;;;;;Si;1;Si;1;Masa;R1: máx. 42 g  R2: máx. 210 g;R1: 0,01 mg       R2: 0,1 mg;;;Entrada adapatador de voltaje: 120 VAC                 Salida adaptador de voltaje: 15 VDC;Salida adaptador de voltaje: 0,5 A;;;;;
Patología;Balanza de precisión ;170369 / 063749;BIO-16455;18-450;Juliana;Corte macro;BBG;S1;6110090;Extensión e Invetigación;BIO;;;;;UdeA;;;;;;;;;;;;;;;;;;Si;1;Si;1;Masa;20 g - 15 kg;1 g;;;;;;0 - 40 °C;;;
Patología;Baño de Flotación;3 / 305660300 / 063768;BIO-16456;15-107;Juliana;Histoquímica;J.P Selecta;Termofin;0355033;Extensión e Invetigación;BIO;;;;;UdeA;;;;;;;;;;;;;;;;;;Si;2;Si;2;Temperatura;;;;;110 VAC;3,9 A;;;;;Potencia: 430 W Frecuencia: 60 Hz
Patología;Baño de Flotación;6/ 168099 / 061549;BIO-16457;15-107;Martha Londoño;Inmunohistoquímica;Lupetec;BH2015;160140;Extensión e Invetigación;BIO;;;;;UdeA;5/12/16;;;;;Compra;;;;;;;;;;;;Si;2;Si;2;Temperatura;;;40 - 45 °C;;110 VAC;;;;;;Potencia: 350 W
Patología;Baño de Flotación;7 / 168100 / 063776;BIO-16458;15-107;Martha Londoño;Inmunohistoquímica;Lupetec;BH2015;160141;Extensión e Invetigación;BIO;;;;;UdeA;5/12/16;;;;;Compra;;;;;;;;;;;;Si;2;Si;2;Temperatura;;;40 - 45 °C;;110 VAC;;;;;;Potencia: 350 W
Patología;Baño de Flotación;1 / 305660200 / 063770;BIO-16459;15-107;Juliana;Histotécnica;J.P Selecta;Termofin;409366;Extensión e Invetigación;BIO;;;;;UdeA;;;;;;;;;;;;;;;;;;Si;2;Si;2;Temperatura;;;;;;;;;;;
Patología;Baño de Flotación;2 / 305660100 / 061547;BIO-16460;15-107;Juliana;Histotécnica;Selecta;Termofin;355032;Extensión e Invetigación;BIO;;;;;UdeA;;;;;;;;;;;;;;;;;;Si;2;Si;2;Temperatura;;;;;;;;;;;
Patología;Baño Maria;146832;BIO-16461;15-108;Martha Londoño;Inmunohistoquímica;Indulab;N/I;13539;Extensión e Invetigación;BIO;;;;;UdeA;;;;;;;;;;;;;;;;;;Si;2;Si;2;Temperatura;;;95 °C;;;;;;;;
Patología;Baño Maria;305703300 / 063771;BIO-16462;15-108;Martha Londoño;Inmunohistoquímica;Memmert;WB7;12.010.372;Extensión e Invetigación;BIO;;;;;UdeA;;;;;;Compra;;;;;;;;;;;;Si;2;Si;2;Temperatura;;;95 °C;;;;;;;;
Patología;Baño María 70 ºC;073938 / 063782;BIO-16519;;Jesica y Juliana;Inmunohistoquímica;Indulab;009B;3244;Investigación;BIO;;;;;UdeA;;;;;;;;;;;;;;;;;;Si;1;Si;1;;;;;;117 VAC;;;;;;Frecuancia: 60 Hz
Patología;Centrífuga;29546;Pendiente;N/A;Jesica y Juliana;Almacen;Clay Adams;N/I;A114043;N/A;BIO;N/A;N/A;;N/A;UdeA;N/A;N/A;N/A;N/A;N/A;N/A;N/A;N/A;;N/A;N/A;N/A;N/A;N/A;N/A;N/A;N/A;No;N/A;No;N/A;N/A;N/A;N/A;N/A;N/A;N/A;N/A;N/A;N/A;N/A;N/A;N/A
Patología;Citocentrífuga;122967;BIO-16463;10-778;Juliana;Histoquímica;Thermo Scientific;Shandon Cytospin 4;CY3310-0601;Extensión e Invetigación;BIO;;;;;UdeA;;;;;;;;;;;;;;;;;;Si;2;Si;2;;;;;;100 - 240 VAC;;;;;;Frecuencia: 50/60 Hz  Potencia: 150 VA 
Patología;Congelador;131255 / 063778;Pendiente;NT;Juliana;Cuarto criostato (contingencia);Indufrial;ICVS-15;685959;Extensión e Invetigación;IND;;;;;UdeA;9/02/2018 o 18/02/2009;;;No;;;;;;;;;;;;;;No;N/A;No;N/A;Temperatura;;;;;115 VAC;4,4 A;;;;;Frecuencia: 60 Hz
Patología;Congelador;73709;BIO-16520;15-145;Martha Londoño;Inmunohistoquímica;Philips;WCV900AF6510;N/I;Extensión e Invetigación;IND;;;;;UdeA;;;;;;;;;;;;;;;;;;No;N/A;No;N/A;Temperatura;;;T -20 a -30 °C;;;;;;;;
Patología;Criostato histotecn;114982;BIO-16521;N/A;Jesica y Juliana;N/A;Leica;CM1850-3-1;47131148;N/A;BIO;N/A;N/A;;N/A;UdeA;N/A;N/A;N/A;N/A;N/A;N/A;N/A;N/A;;N/A;N/A;N/A;N/A;N/A;N/A;N/A;N/A;No;N/A;No;N/A;N/A;N/A;N/A;N/A;N/A;N/A;N/A;N/A;N/A;N/A;N/A;N/A
Patología;Criostato;187701;BIO-16464;15-157;Juliana;Cuarto criostato;Leica;CM1860 UV;00000005299;Extensión e Invetigación;BIO;Clase I;INVIMA 2015DM-0013759;;12/02/21;UdeA;Diciembre 2020;860.000.648-2;Sanitas ;No;12/02/22;Compra;Factura;FE 46070;;SI;SI;SI;SI (ING);SI (PROV);;;Semestral;Si;2;No;N/A;Temperatura;0 a -35 °C;1 °C;T -20 a -22 °C;;120 - 127 VAC;NI;20 - 60 %HR;18 - 35 °C;730 x 730 x 1140 mm;135 kg;Frecuencia: 60 Hz  Potencia: 1440 VA 
Patología;UPS;NT;Pendiente;NT;Juliana;Cuarto criostato (Criostato);Energex;Winner Pro 2000;83211911500163;Extensión e Invetigación;IND;;;;;UdeA;;;;No;12/02/23;;;;;;;;;;;;;Si;1;No;N/A;N/A;N/A;N/A;N/A;N/A;Entrada: 120 VAC                        Salida: 120VAC; Salida: 16,6 A;;;;;Potencia aparente de salida: 2000 VA Potencia activa de salida: 1800 W Frecuencia salida: 50 o 60 Hz
Patología;Dispensador de Parafina;305553700 / 063780;BIO-16465;15-134;Martha Londoño;Inmunohistoquímica;Selecta;Dispensor;409370;Extensión e Invetigación;BIO;;;;;UdeA;;;;;;Compra;;;;;;;;;;;;No;N/A;No;N/A;Temperatura;;;;;;;;;;;
Patología;Estación de Corte Macro;189565;BIO-16466;NT;Juliana;Corte macro;Kugel Medical;GP 1500;20.206422.01;Extensión e Invetigación;BIO;N/A;Certificación No requiere N° 2018003889;;5/04/21;UdeA;;860.000.648-2;Sanitas ;No;5/04/22;Compra;Acta de entrega;NT;;SI;SI;SI (ING);;;;;Anual;Si;1;No;N/A;N/A;N/A;N/A;N/A;N/A;110 VAC;;Menor 75 %HR;Menor a 25 °C;1500 x 800 x 850/1950 mm;;
Patología;Estación de inclusión;178684 / 061551;BIO-16467;NT;Juliana;Histotécnica;Leica;HistoCore Arcadia H / Arcadia C;1671 / 2048;Extensión e Invetigación;BIO;;;;;UdeA;Diciembre 2017;860.000.648-2;Sanitas;No;6/02/19;Compra;;;;SI;;;;;;;Semestral;Si;2;No;N/A;Temperatura;Arcadia H: 50 - 75°C                                            Arcadia C: - 6°C;Arcadia H: 1 °C;Arcadia H: 54 - 60°C                                           Arcadia C: - 6°C;Arcadia H: 1,2 °C;100 - 120 VAC;Arcadia H: 10 A máx.                         Arcadia C: 5 A  máx.;20 - 80 %HR;20 - 30 °C;Arcadia H: 384 x 560 x 636 mm Arcadia C: 384 x 400 x 636 mm (Alto x Ancho x Profundo);Arcadia H: 27 kg Arcadia C: 32 kg;
Patología;Estufa 1 puesto (Fogón);70008;Pendiente;;Juliana;Histotécnica;Haceb;cocineta EM-1;C-073370008;Extensión e Invetigación;IND;;;;;UdeA;;;;;;;;;;;;;;;;;;No;N/A;No;N/A;N/A;N/A;N/A;N/A;N/A;120 VAC ;;;;;;Frecuencia: 60 Hz  Potencia: 1100 W 
Patología;Estufa 1 puesto (Fogón);15431;Pendiente;;Juliana;Histoquímica;Haceb;cocineta ar elec-1;94015431;Extensión e Invetigación;IND;;;;;UdeA;;;;;;;;;;;;;;;;;;No;N/A;No;N/A;N/A;N/A;N/A;N/A;N/A;120 VAC ;;;;;;Frecuencia: 60 Hz  Potencia: 1100 W 
Patología;Horno de Laboratorio;111251 / 063760;BIO-16468;14-410;Julianan;Histoquímica;Memmert;UM 400;B402.0874;Extensión e Invetigación;BIO;;;;;UdeA;;;;;;;;;;;;;;;;;;Si;2;Si (calificación);2;Temperatura;;;;;;;;;;;Frecuencia: 50/60 Hz  Potencia: 1400 W 
Patología;Horno de Laboratorio;153305 / 061541;BIO-16469;14-410;Juliana;Histotécnica;Memmert;UN30;B113.1539;Extensión e Invetigación;BIO;;;;;UdeA;;;;;;;;;;;;;;;;;;Si;2;Si (calificación);2;Temperatura;;;;;115 VAC;9,6 A;;;;;Frecuencia: 50/60 Hz  Potencia: 1100 W 
Patología;Horno de Laboratorio;29544 / 061542;BIO-16470;14-410;Juliana;Histotécnica;Memmert;N/I;73040;Extensión e Invetigación;BIO;;;;;UdeA;;;;;;;;;;;;;;;;;;Si;2;Si (calificación);2;Temperatura;;;;;;;;;;;
Patología;Horno de laboratorio;3 / 139942 / 063779;BIO-16471;14-410;Juliana;Cuarto criostato (contingencia);Memmert;UNE200;C209.0729;Extensión e Invetigación;BIO;;;;;UdeA;;;;No;;Compra;;;;;;;;;;;;Si;2;Si (calificación);2;Temperatura;;;;;115 VAC;9,6 A;;;;;Frecuencia: 50/60 Hz  Potencia: 1100 W 
Patología;Microscopio;60 / 65107;BIO-16522;15-156;Patologos;Oficinas Patologos;Nikon;Labaphot-2;442196;Extensión y Docencia;BIO;;;;;UdeA;;;;;;;;;;;;;;;;;;Si;1;No;N/A;N/A;N/A;N/A;N/A;N/A;;;;;;;
Patología;Microscopio;53 / 137722 / 064280;BIO-16472;15-156;Patologos;Oficinas Patologos;Olympus;CX21FS1;0B81384;Extensión y Docencia;BIO;;;;;UdeA;;;;;;;;;;;;;;;;;;Si;1;No;N/A;N/A;N/A;N/A;N/A;N/A;100 - 120 / 220 - 240 VAC;0,42 /0,25 A;;;;;Frecuancia: 50 / 60 Hz
Patología;Microscopio;61 / 2001919;BIO-16523;;Jesica y Juliana;;Leica;DM 500;8040073589MR0205/04/12;;BIO;;;;;UdeA;;;;;;;;;;;;;;;;;;Si;1;No;N/A;N/A;N/A;N/A;N/A;N/A;100 - 240 VAC;;;;;;Frecuancia: 50 / 60 Hz Potencia máx. 5W
Patología;Microscopio;30 / 125054 / 064312;BIO-16524;15-156;Patologos;Oficinas Patologos;Olympus;CX21FS1;6M08484;Extensión y Docencia;BIO;;;;;UdeA;;;;;;;;;;;;;;;;;;Si;1;No;N/A;N/A;N/A;N/A;N/A;N/A;100 - 120 / 220 - 240 VAC;0,42 /0,25 A;;;;;Frecuancia: 50 / 60 Hz
Patología;Microscopio;46 / 137205;BIO-16473;15-156;Patologos y residentes;Salon de residentes;Olympus;CX21FS1;0C80525;Docencia;BIO;;;;;UdeA;;;;;;;;;;;;;;;;;;Si;1;No;N/A;N/A;N/A;N/A;N/A;N/A;100 - 120 / 220 - 240 VAC;0,42 /0,25 A;;;;;Frecuancia: 50 / 60 Hz
Patología;Microscopio;48 / 137403;BIO-16474;15-156;Patologos y residentes;Salon de residentes;Olympus;CX21FS1;0C80514;Docencia;BIO;;;;;UdeA;;;;;;;;;;;;;;;;;;Si;1;No;N/A;N/A;N/A;N/A;N/A;N/A;100 - 120 / 220 - 240 VAC;0,42 /0,25 A;;;;;Frecuancia: 50 / 60 Hz
Patología;Microscopio;49 / 137404;BIO-16475;15-156;Patologos;Oficinas Patologos;Olympus;CX21FS1;0B81498;Extensión y Docencia;BIO;;;;;UdeA;;;;;;;;;;;;;;;;;;Si;1;No;N/A;N/A;N/A;N/A;N/A;N/A;100 - 120 / 220 - 240 VAC;0,42 /0,25 A;;;;;Frecuancia: 50 / 60 Hz
Patología;Microscopio;101298;BIO-16476;15-156;Patologos;Oficinas Patologos;Leica;DME;000021201RW0010;Extensión y Docencia;BIO;;;;;UdeA;;;;;;;;;;;;;;;;;;Si;1;No;N/A;N/A;N/A;N/A;N/A;N/A;;;;;;;
Patología;Microscopio;31 / 125053 / 064567;BIO-16525;;Jefe de departamento;Jefatura Departamento;Olympus;CX21FS1;6M10035;Extensión y Docencia;BIO;;;;;UdeA;;;;;;;;;;;;;;;;;;Si;1;No;N/A;;;;;;100 - 120 / 220 - 240VAC;0,42 / 0,25 A;;;;;Frecuancia: 50/60 Hz
Patología;Microscopio;34 / 128245;BIO-16477;15-156;Patologos;Oficinas Patologos;Leica;CME 1349521X;0511343;Extensión y Docencia;BIO;;;;;UdeA;;;;;;;;;;;;;;;;;;Si;1;No;N/A;N/A;N/A;N/A;N/A;N/A;120 VAC;;;;;;Frecuancia: 50 / 60 Hz Lampara 6 V 20 W
Patología;Microscopio;44 / 128848;BIO-16485;N/A;Jesica y Juliana;Almacen;Olympus;CX21FS1;7L14848;N/A;BIO;N/A;N/A;;N/A;UdeA;N/A;N/A;N/A;N/A;N/A;N/A;N/A;N/A;;N/A;N/A;N/A;N/A;N/A;N/A;N/A;N/A;Si;1;No;N/A;N/A;N/A;N/A;N/A;N/A;N/A;N/A;N/A;N/A;N/A;N/A;N/A
Patología;Microscopio;50 / 137405 / 064310;BIO-16526;15-156;Patologos;Oficinas Patologos;Olympus;CX31RBSFA;9M05009;Extensión y Docencia;BIO;;;;;UdeA;;;;;;;;;;;;;;;;;;Si;1;No;N/A;N/A;N/A;N/A;N/A;N/A;100 - 120 / 220 - 240 VAC;0,85 / 0,45 A;;;;;Frecuancia: 50 / 60 Hz
Patología;Microscopio;51 / 137406 / 064576;BIO-16527;15-156;Patologos y residentes;Salon de residentes;Olympus;CX31RBSFA;9M04988;Docencia;BIO;;;;;UdeA;;;;;;;;;;;;;;;;;;Si;1;No;N/A;N/A;N/A;N/A;N/A;N/A;100 - 120 / 220 - 240 VAC;0,85 / 0,45 A;;;;;Frecuancia: 50 / 60 Hz
Patología;Microscopio;52 / 137723 / 064578;BIO-16478;15-156;Patologos;Oficinas Patologos;Olympus;CX21FS1;0E86211;Extensión y Docencia;BIO;;;;;UdeA;;;;;;;;;;;;;;;;;;Si;1;No;N/A;N/A;N/A;N/A;N/A;N/A;100 - 120 / 220 - 240 VAC;0,42 /0,25 A;;;;;Frecuancia: 50 / 60 Hz
Patología;Microscopio;55 / 137720 / 064313;BIO-16479;15-156;Martha Londoño;Inmunohistoquímica;Olympus;CX21FS1;0E85826;Extensión e Invetigación;BIO;;;;;UdeA;;;;;;;;;;;;;;;;;;Si;1;No;N/A;N/A;N/A;N/A;N/A;N/A;100 - 120 / 220 - 240 VAC;0,42 /0,25 A;;;;;Frecuancia: 50 / 60 Hz
Patología;Microscopio 2 cabezas;56 / 131024;BIO-16528;;Patologos y residentes;Sala de fotografía;Olympus;CX31RTSF;8H06447;Extensión y Docencia;BIO;;;;;UdeA;;;;;;;;;;;;;;;;;;Si;1;No;N/A;N/A;N/A;N/A;N/A;N/A;100 - 120 / 220 - 240 VAC;0,85 / 0,45 A;;;;;Frecuancia: 50 / 60 Hz
Patología;Microscopio;58 / 138006 / 064547;BIO-16480;15-156;patologos;Oficinas Patologos;Olympus;CX31RTSF;0A04432;Extensión y Docencia;BIO;;;;;UdeA;;;;;;;;;;;;;;;;;;Si;1;No;N/A;N/A;N/A;N/A;N/A;N/A;100 - 120 / 220 - 240 VAC;0,85 / 0,45 A;;;;;Frecuancia: 50 / 60 Hz
Patología;Microscopio;59 / 139112;BIO-16481;15-156;Patologos y residentes;Salon de residentes;Olympus;CX31RTSF;0H11097;Docencia;BIO;;;;;UdeA;;;;;;;;;;;;;;;;;;Si;1;No;N/A;N/A;N/A;N/A;N/A;N/A;100 - 120 / 220 - 240 VAC;0,85 / 0,45 A;;;;;Frecuancia: 50 / 60 Hz
Patología;Microscopio (Estereoscopio);29 / 1-32051-001;BIO-16482;17-439;Juliana;Cuarto criostato;Nippon Kogaku;J.Pat;33608;Extensión e Invetigación;BIO;;;;;UdeA;;;;;;;;;;;;;;;;;;Si;1;No;N/A;N/A;N/A;N/A;N/A;N/A;N/A;N/A;N/A;N/A;N/A;N/A;N/A
Patología;Microscopio;13 / 302810;BIO-16529;N/A;Jesica y Juliana;Salon residentes (armario);Carl Zeiss;Jena;M302810;N/A;BIO;N/A;N/A;;N/A;UdeA;N/A;N/A;N/A;N/A;N/A;N/A;N/A;N/A;;N/A;N/A;N/A;N/A;N/A;N/A;N/A;N/A;No;N/A;No;N/A;N/A;N/A;N/A;N/A;N/A;N/A;N/A;N/A;N/A;N/A;N/A;N/A
Patología;Microscopio;19 / 112579 / 064566;BIO-16530;15-156;Patologos y residentes;Salon de residentes;Olympus;CX21FS1;2L00576;Docencia;BIO;;;;;UdeA;;;;;;;;;;;;;;;;;;Si;1;No;N/A;N/A;N/A;N/A;N/A;N/A;100 - 120 / 220 - 240 VAC;0,42 /0,25 A;;;;;Frecuancia: 50 / 60 Hz
Patología;Microscopio;91012022;BIO-16483;15-156;Patologos y residentes;Salon de residentes;Olympus;CHT;7J0749;Docencia;BIO;;;;;UdeA;;;;;;;;;;;;;;;;;;Si;1;No;N/A;N/A;N/A;N/A;N/A;N/A;100 - 120 VAC;0,35 A;;;;;Frecuencia: 50/60 Hz Potencia lampara: 30W
Patología;Microscopio;18 / 85293;BIO-16484;15-156;Patologos y residentes;Salon de residentes;Nikon;YS2-T;189364;Docencia;BIO;;;;;UdeA;;;;;;;;;;;;;;;;;;Si;1;No;N/A;N/A;N/A;N/A;N/A;N/A;;;;;;;
Patología;Microscopio;47 / 137204 / 064553;BIO-16485;15-156;Patologos;Oficinas Patologos;Olympus;CX21FS1;0B81450;Extensión y Docencia;BIO;;;;;UdeA;;;;;;;;;;;;;;;;;;No;N/A;No;N/A;N/A;N/A;N/A;N/A;N/A;100 - 120 / 220 - 240 VAC;0,42 / 0,25 A;;;;;Frecuancia: 50 / 60 Hz
Patología;Microscopio;21 / 85291 / 063797;BIO-16486;15-156;Juliana;Cuarto criostato;Nikon;YS2-T;189329;Extensión e Invetigación;BIO;;;;;UdeA;;;;;;;;;;;;;;;;;;Si;1;No;N/A;N/A;N/A;N/A;N/A;N/A;;;;;;;
Patología;Microscopio;28 / 67510;BIO-16487;15-156;Patologos y residentes;Salon de residentes;Nikon;SE;884772;Docencia;BIO;;;;;UdeA;;;;;;;;;;;;;;;;;;Si;1;No;N/A;N/A;N/A;N/A;N/A;N/A;120 VAC;;;;;;Frecuencia: 50/60 Hz Potencia: 50VA Ptencia lampara: 20W
Patología;Microscopio;17 / 56435;BIO-16531;15-156;Patologos y residentes;Salon de residentes;Leitz;Laborlux K;055769;Docencia;BIO;;;;;UdeA;;;;;;;;;;;;;;;;;;Si;1;No;N/A;N/A;N/A;N/A;N/A;N/A;110 / 120 - 130 VAC;;;;;;Frecuencia: 50/60 Hz Potencia: 30W Lampara: 6V 20W
Patología;Microscopio;23 / 67509;BIO-16488;15-156;Patologos y residentes;Salon de residentes;Nikon;SE;884782;Docencia;BIO;;;;;UdeA;;;;;;;;;;;;;;;;;;Si;1;No;N/A;N/A;N/A;N/A;N/A;N/A;120 VAC;;;;;;Frecuencia: 50/60 Hz Potencia: 50VA Ptencia lampara: 20W
Patología;Microscopio;26 / 66459;BIO-16489;15-156;Patologos y residentes;Salon de residentes;Nikon;SE;879016;Docencia;BIO;;;;;UdeA;;;;;;;;;;;;;;;;;;Si;1;No;N/A;N/A;N/A;N/A;N/A;N/A;120 VAC;;;;;;Frecuencia: 50/60 Hz Potencia: 50VA Ptencia lampara: 20W
Patología;Microscopio;2 / 66461;BIO-16490;15-156;Patologos y residentes;Salon de residentes;Nikon;SE;879053;Docencia;BIO;;;;;UdeA;;;;;;;;;;;;;;;;;;Si;1;No;N/A;N/A;N/A;N/A;N/A;N/A;120 VAC;;;;;;Frecuencia: 50/60 Hz Potencia: 50VA Ptencia lampara: 20W
Patología;Microscopio;3 / 66460;Pendiente;N/A;Jesica y Juliana;Salon residentes (armario);Nikon;SE;879049;N/A;BIO;N/A;N/A;;N/A;UdeA;N/A;N/A;N/A;N/A;N/A;N/A;N/A;N/A;;N/A;N/A;N/A;N/A;N/A;N/A;N/A;N/A;No;N/A;No;N/A;N/A;N/A;N/A;N/A;N/A;N/A;N/A;N/A;N/A;N/A;N/A;N/A
Patología;Microscopio;4 / 67512;BIO-16491;15-156;Patologos y residentes;Salon de residentes;Nikon;SE;17234;Docencia;BIO;;;;;UdeA;;;;;;;;;;;;;;;;;;Si;1;No;N/A;N/A;N/A;N/A;N/A;N/A;120 VAC;;;;;;Frecuencia: 50/60 Hz Potencia: 50VA Ptencia lampara: 20W
Patología;Microscopio;7/ 66463;BIO-16532;;Jesica y Juliana;;Nikon;SE;879024;;BIO;;;;;UdeA;;;;;;;;;;;;;;;;;;Si;1;No;N/A;;;;;;;;;;;;
Patología;Microscopio;16 / 55064;BIO-16492;15-156;Patologos y residentes;Salon de residentes;Olympus;CH;721582;Docencia;BIO;;;;;UdeA;;;;;;;;;;;;;;;;;;Si;1;No;N/A;N/A;N/A;N/A;N/A;N/A;100 - 120 VAC;;;;;;Frecuancia: 50 / 60 Hz
Patología;Microscopio;35 / 56424;BIO-16493;15-156;Patologos y residentes;Salon de residentes;Leitz;Laborlux K;055511;Docencia;BIO;;;;;UdeA;;;;;;;;;;;;;;;;;;Si;1;No;N/A;N/A;N/A;N/A;N/A;N/A;110 / 120 - 130 VAC;;;;;;Frecuencia: 50/60 Hz Potencia: 30W Lampara: 6V 20W
Patología;Microscopio;37 / 91012023;BIO-16494;15-156;Patologos y residentes;Salon de residentes;Olympus;CHT;709749;Docencia;BIO;;;;;UdeA;;;;;;;;;;;;;;;;;;Si;1;No;N/A;N/A;N/A;N/A;N/A;N/A;100 - 120 VAC;0,35 A;;;;;Frecuencia: 50/60 Hz Potencia lampara: 30W
Patología;Microscopio 5 cabezas;57 / 137774;BIO-16840;15-156;Patologos y residentes;Salon de residentes;Olympus;BX41TF;0A11055;Extensión y Docencia;BIO;;;;;UdeA;;;;;;;;;;;;;;;;;;Si;1;No;N/A;N/A;N/A;N/A;N/A;N/A;100 - 120 / 220 - 240 VAC;0,8 / 0,4 A;;;;;Frecuancia: 50 / 60 Hz
Patología;Microscopio;27/ 61613;BIO-16495;15-156;Patologos y residentes;Salon de residentes;Nikon;YS2;132766;Docencia;BIO;;;;;UdeA;;;;;;;;;;;;;;;;;;Si;1;No;N/A;N/A;N/A;N/A;N/A;N/A;;;;;;;
Patología;Microscopio;62 / 52748;BIO-16533;15-156;Patologos y residentes;Salon de residentes;Nikon;Labophot;222130;Docencia;BIO;;;;;UdeA;;;;;;;;;;;;;;;;;;Si;1;No;N/A;N/A;N/A;N/A;N/A;N/A;;;;;;;
Patología;Microscopio Diagnostico - residentes;15 /56433;Pendiente;N/A;Jesica y Juliana;Almacen;Leitz;Laborlux K;53017;N/A;BIO;N/A;N/A;;N/A;UdeA;N/A;N/A;N/A;N/A;N/A;N/A;N/A;N/A;;N/A;N/A;N/A;N/A;N/A;N/A;N/A;N/A;No;N/A;No;N/A;N/A;N/A;N/A;N/A;N/A;N/A;N/A;N/A;N/A;N/A;N/A;N/A
Patología;Microscopio;24 / 66464;BIO-16845;15-156;Juliana;Histoquímica;Nikon;SE;879028;Extensión e Invetigación;BIO;;;;;UdeA;;;;;;;;;;;;;;;;;;Si;1;No;N/A;N/A;N/A;N/A;N/A;N/A;120 VAC;;;;;;Frecuencia: 50/60 Hz Potencia: 50VA Ptencia lampara: 20W
Patología;Microscopio;32 / 125055 / 064581;BIO-16534;15-156;Patologos;Oficinas Patologos;Olympus;CX21FS1;6M08813;Extensión y Docencia;BIO;;;;;UdeA;;;;;;;;;;;;;;;;;;Si;1;No;N/A;N/A;N/A;N/A;N/A;N/A;100 - 120 / 220 - 240 VAC;0,42 /0,25 A;;;;;Frecuancia: 50 / 60 Hz
Patología;Microscopio 5 cabezas;33 / 126015 / 000921;BIO-16900;15-156;Patologos y residentes;Salon de residentes;Leica;DM1000;266622-082005;Extensión y Docencia;BIO;;;;;UdeA;;;;;;;;;;;;;;;;;;Si;1;No;N/A;N/A;N/A;N/A;N/A;N/A;90 - 250 VAC;;;;;;Frecuencia: 50/60 Hz  Lampara: 12 V 30W
Patología;Microscopio Diagnostico - residentes;45 / 128849;Pendiente;N/A;Jesica y Juliana;;Olympus;CX 21;7L14845;N/A;BIO;N/A;N/A;;N/A;UdeA;N/A;N/A;N/A;N/A;N/A;N/A;N/A;N/A;;N/A;N/A;N/A;N/A;N/A;N/A;N/A;N/A;No;N/A;No;N/A;N/A;N/A;N/A;N/A;N/A;N/A;N/A;N/A;N/A;N/A;N/A;N/A
Patología;Micrótomo de rotación;109419 / 000920;BIO-16496;15-158;Martha Londoño;Inmunohistoquímica;Leica;RM 2125;045731982;Extensión e Invetigación;BIO;;;;;UdeA;Diciembre 2001;860.000.648-2;Sanitas;No;;Compra;;;;;;;;;;;;Si;2;No;N/A;N/A;N/A;N/A;N/A;N/A;N/A;N/A;N/A;N/A;N/A;N/A;N/A
Patología;Micrótomo de rotación;114983;BIO-16497;15-158;Juliana;Histotécnica;Leica;RM2235;50038604;Extensión e Invetigación;BIO;;;;;UdeA;Junio 2004;860.000.648-2;Sanitas;No;;Compra;;;;;;;;;;;;Si;2;No;N/A;N/A;N/A;N/A;N/A;N/A;N/A;N/A;N/A;N/A;N/A;N/A;N/A
Patología;Micrótomo de rotación;100658;BIO-16498;15-158;Juliana;Histotécnica;Leica;RM2125;45731980;Extensión e Invetigación;BIO;;;;;UdeA;Noviembre 2000;860.000.648-2;Sanitas;No;;Compra;;;;;;;;;;;;Si;2;No;N/A;N/A;N/A;N/A;N/A;N/A;N/A;N/A;N/A;N/A;N/A;N/A;N/A
Patología;Micrótomo de rotación;148038;BIO-16499;15-158;Juliana;Histotécnica;Thermo Scientific;HM325;57710;Extensión e Invetigación;BIO;;;;;UdeA;;;;;;Compra;;;;;;;;;;;;Si;2;No;N/A;N/A;N/A;N/A;N/A;N/A;N/A;N/A;N/A;N/A;N/A;N/A;N/A
Patología;Micrótomo Rotación;4 / 31269;Pendiente;N/A;Jesica y Juliana;Histotecnicas;Leitz;1512;810703;N/A;BIO;N/A;N/A;;N/A;UdeA;N/A;N/A;N/A;N/A;N/A;N/A;N/A;N/A;;N/A;N/A;N/A;N/A;N/A;N/A;N/A;N/A;No;N/A;No;N/A;N/A;N/A;N/A;N/A;N/A;N/A;N/A;N/A;N/A;N/A;N/A;N/A
Patología;Nevera;3 / 106458;Pendiente;NT;Martha Londoño;Inmunohistoquímica;Mabe;RMP70YLE1;135234961;Extensión e Invetigación;IND;;;;;UdeA;;;;;;;;;;;;;;;;;;No;N/A;No;N/A;Temperatura;;;2 - 8 °C;;;;;;;;
Patología;Nevera;106086 / 061543;Pendiente;NT;Juliana;Corredor;Mabe;RMP70YLE1;135234971;Extensión e Invetigación;IND;;;;;UdeA;;;;;;;;;;;;;;;;;;No;N/A;No;N/A;Temperatura;2 - 8 °C;;2 - 8 °C;;;;;;;;
Patología;Nevera;131254;Pendiente;NT;Juliana;Corredor;Haceb;SeNord245L 2P ALM;90855101;Investigación;N/A;;;;;UdeA;;;;;;;;;;;;;;;;;;Si;1;No;N/A;;;;;;;;;;;;
Patología;pHmetro;122842;Pendiente;N/A;Jesica y Juliana;Inmunohistoquímica;Schott;Handylab PH 11;9940453/0706;N/A;BIO;N/A;N/A;;N/A;UdeA;N/A;N/A;N/A;N/A;N/A;N/A;N/A;N/A;;N/A;N/A;N/A;N/A;N/A;N/A;N/A;N/A;No;N/A;No;N/A;N/A;N/A;N/A;N/A;N/A;N/A;N/A;N/A;N/A;N/A;N/A;N/A
Patología;Micropipeta;305703500;BIO-16500;15-166;Martha Londoño;Inmunohistoquímica;Gilson;Pipetman P10;U63036N;Extensión e Invetigación;BIO;;;;;UdeA;;;;;;;;;;;;;;;;;;Si;2;Si;2;Volumen;1 - 10 uL;0,02 uL;1 - 10 uL;N/A;N/A;N/A;N/A;N/A;N/A;N/A;N/A
Patología;Micropipeta;304600400;Pendiente;N/A;Martha Londoño;Inmunohistoquímica;Gilson;Pipetman P100;K17240D;N/A;BIO;N/A;N/A;;N/A;UdeA;N/A;N/A;N/A;N/A;N/A;N/A;N/A;N/A;;N/A;N/A;N/A;N/A;N/A;N/A;N/A;N/A;No;N/A;No;N/A;Volumen;20 - 100 uL;0,2 uL;10 - 100 uL;N/A;N/A;N/A;N/A;N/A;N/A;N/A;N/A
Patología;Micropipeta;HN25686;BIO-16501;15-166;Martha Londoño;Inmunohistoquímica;Gilson;Pipetman P1000;HN25686;Extensión e Invetigación;BIO;;;;;UdeA;;;;;;;;;;;;;;;;;;Si;2;Si;2;Volumen;100 - 1000 uL;2 uL;100 - 1000 uL;N/A;N/A;N/A;N/A;N/A;N/A;N/A;N/A
Patología;Micropipeta;304600300;BIO-16502;15-166;Martha Londoño;Inmunohistoquímica;Gilson;Pipetman;K18416J;Extensión e Invetigación;BIO;;;;;UdeA;;;;;;;;;;;;;;;;;;Si;2;Si;2;Volumen;2 - 20 uL;0,02 uL;2 - 20 uL;N/A;N/A;N/A;N/A;N/A;N/A;N/A;N/A
Patología;Micropipeta;M18760A;BIO-16503;15-166;Martha Londoño;Inmunohistoquímica;Gilson;Pipetman P200;M18760A;Extensión e Invetigación;BIO;;;;;UdeA;;;;;;;;;;;;;;;;;;Si;2;Si;2;Volumen;50 - 200 uL;0,2 uL;50 - 200 uL;N/A;N/A;N/A;N/A;N/A;N/A;N/A;N/A
Patología;Micropipeta;305703400;BIO-16536;15-166;Martha Londoño;Inmunohistoquímica;Gilson;Pipetman;U55441B;N/A;N/A;;;;;UdeA;;;;;;;;;;;;;;;;;;No;N/A;No;N/A;Volumen;1000 - 5000 uL;2 uL;1000 - 5000 uL;N/A;N/A;N/A;N/A;N/A;N/A;N/A;N/A
Patología;Micropipeta;LIME 541;BIO-16512;15-166;Martha Londoño;Inmunohistoquímica;Sartorius;Tacta;42186226;Extensión e Invetigación;BIO;Clase I;Certificación No requiere N° 2016020596;;Factura 08/09/2023;UdeA;NI;860.001.911-1;Kaika;Si;8/09/24;Compra;Factura;00KK1915;;;;;;;;;;Si;1;Si;1;Volumen;10 - 100 uL;0,1 uL;10 - 100 uL;N/A;N/A;N/A;N/A;N/A;N/A;N/A;N/A
Patología;Procesador de tejidos;119420;BIO-16504;15-190;Juliana;Histotécnica;Leica;TP1020-1-1;42231412;Extensión e Invetigación;BIO;Clase I;INVIMA 2015DM-0013758;;2006;UdeA;;860.000.648-2;Sanitas;No;;Compra;;;;SI;;;;;;;Semestral;Si;2;Si;2;Temperatura;45 - 65 °C;1 °C;;;100 -120 VAC;;20 - 80 %HR;5 - 40 °C;Altura 595 - 780 mm            Diametro tapa 820 mm;60 kg;
Patología;Procesador de Tejidos;55548;BIO-16505;15-190;;Cuarto criostato ( a la espera para traslado);Sakura;4640-B;4304740;;BIO;;;;;UdeA;;;;;;;;;;;;;;;;;;No;N/A;No;N/A;;;;;;115 VAC;5 A;;;;;Frecuencia 60 Hz
Patología;Termohigrometro;160275 / 063755;BIO-16506;;Juliana;Corte macro;Clock Humidity;HTC-2;N/I;Extensión e Invetigación;BIO;;;;;UdeA;;;;;;;;;;;;;;;;;;No;N/A;Si;1;Temperatura / Humedad;;;;;N/A;N/A;N/A;N/A;N/A;N/A;N/A
Patología;Termohigrometro;TH 12 / 160279;BIO-16507;;Jesica y Juliana;Inmunohistoquímica;Clock Humidity;HTC-2;N/I;;BIO;;;;;UdeA;;;;;;;;;;;;;;;;;;No;N/A;No;N/A;;;;;;;;;;;;
Patología;Termohigrometro;160277;Pendiente;;Jesica y Juliana;Histotécnicas;N/I;HTC-2;N/I;;BIO;;;;;UdeA;;;;;;;;;;;;;;;;;;No;N/A;No;N/A;;;;;;;;;;;;
Patología;Termohigrómetro;TH 15 - 063790;BIO-16529;;Juliana;Histotécnica;Bio-Temp;NI;N/I;Extensión e Invetigación;BIO;;;;;UdeA;;;;;;;;;;;;;;;;;;No;N/A;Si;1;Temperatura / Humedad;;;;;N/A;N/A;N/A;N/A;N/A;N/A;N/A
Patología;Termohigrometro;TH 10 / 160278 / 063766;BIO-16904;;Juliana;Histoquímica;Clock Humidity;HTC-2;N/I;Extensión e Invetigación;BIO;;;;;UdeA;;;;;;;;;;;;;;;;;;No;N/A;Si;1;Temperatura / Humedad;;;;;N/A;N/A;N/A;N/A;N/A;N/A;N/A
Patología;Termohigrometro 11;TH11-160276;Pendiente;;Jesica y Juliana;Corte macro;N/I;HTC-2;N/I;;BIO;;;;;UdeA;;;;;;;;;;;;;;;;;;No;N/A;No;N/A;;;;;;;;;;;;
Patología;Termohigrómetro;TH14 / 063791;BIO-16507;;Martha Londoño;Inmunohistoquímica (Nevera 106458);Bio-Temp;NI;N/I;Extensión e Invetigación;BIO;;;;;UdeA;;;;;;;;;;;;;;;;;;No;N/A;Si;1;Temperatura;;;2 - 8 °C;;;;;;;;
Patología;Termohigrómetro;NI;Pendiente;;Martha Londoño;Inmunohistoquímica (Congelador 73709);Bio-Temp;NI;NI;Extensión e Invetigación;BIO;;;;;UdeA;;;;;;;;;;;;;;;;;;No;N/A;No;N/A;Temperatura;;;T -20 a -30 °C;;;;;;;;
Patología;Termohigrometro histoquimica;TH 13 / 160274;Pendiente;;Jesica y Juliana;Histoquímica;N/I;HTC-2;N/I;;BIO;;;;;UdeA;;;;;;;;;;;;;;;;;;No;N/A;No;N/A;;;;;;;;;;;;
Patología;Termómetro Cava;AN1715;BIO-16692;;Juliana;Cava;N/I;N/I;N/I;Extensión e Invetigación;BIO;;;;;UdeA;;;;;;;;;;;;;;;;;;No;N/A;Si;1;Temperatura;;;;;N/A;N/A;N/A;N/A;N/A;N/A;N/A
Patología;Termómetro de punzón;3;BIO-16671;;Jesica y Juliana;Histoquímica;N/I;TP101;N/I;Extensión e Invetigación;BIO;;;;;UdeA;;;;;;;;;;;;;;;;;;No;N/A;Si;1;Temperatura;T -50°C A 300 °C / -58°F A 572 °F;;;;N/A;N/A;N/A;N/A;N/A;N/A;N/A
Patología;Termómetro de punzón histotec;4;BIO-16694;;Jesica y Juliana;Histotécnicas;N/I;N/I;N/I;;BIO;;;;;UdeA;;;;;;;;;;;;;;;;;;No;N/A;Si;1;;;;;;;;;;;;
Patología;Termómetro digital con sensor (patrón);134503;BIO-16508;;Martha Londoño;Inmunohistoquímica;CHY;800;090073;Extensión e Invetigación;BIO;;;;;UdeA;;;;;;;;;;;;;;;;;;No;N/A;Si;1;Temperatura;T -60 a 1372 °C;0,1 °C;Principalmente 95°C;N/A;N/A;N/A;N/A;N/A;N/A;N/A;N/A
Patología;Termómetro Digital;AN 1711;BIO-16509;;Juliana;Corredor Nevera 131254 ;Alla France;91000-009A;N/I;Investigación;N/A;;;;;UdeA;;;;;;;;;;;;;;;;;;No;N/A;No;N/A;Temperatura;;;;N/A;N/A;N/A;N/A;N/A;N/A;N/A;N/A
Patología;Termómetro nevera;AN1716;Pendiente;;Jesica y Juliana;Inmunohistoquímica;N/I;N/I;N/I;;BIO;;;;;UdeA;;;;;;;;;;;;;;;;;;No;N/A;No;N/A;;;;;;;;;;;;
Patología;Timer;16;BIO-16510;14-053;Juliana;Histoquímica;Alla France;N/I;N/I;Extensión e Invetigación;BIO;;;;;UdeA;;;;;;;;;;;;;;;;;;No;N/A;Si;1;Tiempo (4 tiempos);;;;;N/A;N/A;N/A;N/A;N/A;N/A;N/A
Patología;Timer;14;Pendiente;14-053;Jesica y Juliana;Histoquímica;French;N/I;N/I;;BIO;;;;;UdeA;;;;;;;;;;;;;;;;;;No;N/A;No;N/A;;;;;;;;;;;;
Patología;Timer;7;BIO-16510;14-053;Martha Londoño;Inmunohistoquímica;Casio;TMR-71;N/I;Extensión e Invetigación;BIO;;;;;UdeA;;;;;;;;;;;;;;;;;;No;N/A;No;N/A;Tiempo (4 tiempos);;;;;N/A;N/A;N/A;N/A;N/A;N/A;N/A
Patología;Timer;9;BIO-16537;14-053;Jesica y Juliana;Inmunohistoquímica;Traceable;N/I;130607541;;BIO;;;;;UdeA;;;;;;;;;;;;;;;;;;No;N/A;No;N/A;;;;;;;;;;;;
Patología;Timer;15;BIO-16537;14-053;Jesica y Juliana;Histoquímica;N/I;N/I;N/I;;BIO;;;;;UdeA;;;;;;;;;;;;;;;;;;No;N/A;Si;1;;;;;;;;;;;;
Patología;Timer;1;BIO-16691;14-053;Juliana;Histotécnica;NI;N/I;N/I;Extensión e Invetigación;BIO;;;;;UdeA;;;;;;;;;;;;;;;;;;No;N/A;Si;1;Tiempo (2 tiempos);;;;;N/A;N/A;N/A;N/A;N/A;N/A;N/A
Patología;Timer;12;BIO-16856;14-053;Jesica y Juliana;Histotécnicas;N/I;N/I;N/I;Extensión e Invetigación;BIO;;;;;UdeA;;;;;;;;;;;;;;;;;;No;N/A;Si;1;;;;;;;;;;;;
Patología;Timer;3;BIO-16538;14-053;Juliana;Cuarto criostato;NI;NI;NI;Extensión e Invetigación;BIO;;;;;UdeA;;;;;;;;;;;;;;;;;;No;N/A;Si;1;Tiempo (2 tiempos);;;;;N/A;N/A;N/A;N/A;N/A;N/A;N/A
Patología;Timer;13;BIO-16870;14-053;Juliana;Histotécnica;Traceable;N/I;2530/1;Extensión e Invetigación;BIO;;;;;UdeA;;;;;;;;;;;;;;;;;;No;N/A;Si;1;Tiempo (4 tiempos);;;;;N/A;N/A;N/A;N/A;N/A;N/A;N/A
Patología;UPS;145468;Pendiente;;Juliana;Cuarto criostato (contingencia);Tripp Lite;Smart 2200 VS;2231RY0SM672400124;Extensión e Invetigación;IND;;;;;UdeA;;;;;;;;;;;;;;;;;;Si;1;No;N/A;;;;;;;;;;;;
Patología;UPS;145467 / 064259;Pendiente;N/A;Julana;Cuarto criostato (contingencia);Tripp-Lite;2200 Smart Vs;2231RY0SM672400126;N/A;IND;N/A;N/A;;N/A;UdeA;N/A;N/A;N/A;N/A;N/A;N/A;N/A;N/A;;N/A;N/A;N/A;N/A;N/A;N/A;N/A;N/A;No;N/A;No;N/A;N/A;N/A;N/A;N/A;N/A;N/A;N/A;N/A;N/A;N/A;N/A;N/A
Patología;Balanza de precisión ;164364 / 063479 / BIO-9847;BIO-9847;18-450;Juliana;Morgue;Trumax;Fenix;YS150131;Extensión e Invetigación;BIO;;;;;UdeA;;;;;;;;;;;;;;;;;;Si;2;Si;2;Masa;10 - 6000 g;500 mg;;;;;;;;;
Patología;Balanza Granataria;BIO 2876;BIO 2876;N/A;Solangy Galeano;Morgue;Ohaus;N/I;N/I;N/A;BIO;N/A;N/A;;N/A;UdeA;N/A;N/A;N/A;N/A;N/A;N/A;N/A;N/A;;N/A;N/A;N/A;N/A;N/A;N/A;N/A;N/A;No;N/A;No;N/A;N/A;N/A;N/A;N/A;N/A;N/A;N/A;N/A;N/A;N/A;N/A;N/A
Patología;Baño de flotación 1;BIO 2873;Pendiente;N/A;Solangy Galeano;Cuarto criostato;Shandon;375;15460379;N/A;BIO;N/A;N/A;;N/A;UdeA;N/A;N/A;N/A;N/A;N/A;N/A;N/A;N/A;;N/A;N/A;N/A;N/A;N/A;N/A;N/A;N/A;No;N/A;No;N/A;N/A;N/A;N/A;N/A;N/A;N/A;N/A;N/A;N/A;N/A;N/A;N/A
Patología;Baño de flotación 2;BIO 8052;Pendiente;N/A;Solangy Galeano;Cuarto criostato;Wesco;BFM-002;BFS-012;N/A;BIO;N/A;N/A;;N/A;UdeA;N/A;N/A;N/A;N/A;N/A;N/A;N/A;N/A;;N/A;N/A;N/A;N/A;N/A;N/A;N/A;N/A;No;N/A;No;N/A;N/A;N/A;N/A;N/A;N/A;N/A;N/A;N/A;N/A;N/A;N/A;N/A
Patología;Central de Inclusión;BIO-2882;BIO-2882;NT;Juliana;Cuarto criostato (contingencia);Thermo Shandon;Histocentre 2;1221030186733;Extensión e Invetigación;BIO;;;;;UdeA;;;;;;;;;;;;;;;;;;Si;2;Si;2;;;;;;;;;;;;
Patología;Citocentrífuga;2010908 / BIO-2879;BIO-2879;10-778;Juliana;Cuarto criostato (contingencia);Thermo Scientific;Shandon Cytospin 4;CY1257-0307;Extensión e Invetigación;BIO;;;;;UdeA;;;;;;;;;;;;;;;;;;No;N/A;No;N/A;Velocidad;;;;;100 - 240 VAC;;;;;;Potencia:150 VA  Frecuencia: 50/60 Hz
Patología;Criostato;BIO 2870;BIO 2870;N/A;Solangy Galeano;Salon al lado de secretaria de Hospital Alma Mater;Thermo Shandon;Cryotome;CS3164X0304;N/A;BIO;N/A;N/A;;N/A;UdeA;N/A;N/A;N/A;N/A;N/A;N/A;N/A;N/A;;N/A;N/A;N/A;N/A;N/A;N/A;N/A;N/A;No;N/A;No;N/A;N/A;N/A;N/A;N/A;N/A;N/A;N/A;N/A;N/A;N/A;N/A;N/A
Patología;Estufa 1 puesto;2009327;Pendiente;N/A;Solangy Galeano;;Haceb;EM-1;;N/A;IND;N/A;N/A;;N/A;UdeA;N/A;N/A;N/A;N/A;N/A;N/A;N/A;N/A;;N/A;N/A;N/A;N/A;N/A;N/A;N/A;N/A;No;N/A;No;N/A;N/A;N/A;N/A;N/A;N/A;N/A;N/A;N/A;N/A;N/A;N/A;N/A
Patología;Estufa de secado;129565 / 063451 / BIO-2863;BIO-2863;14-410;Martha Londoño;Inmunohistoquímica;Memmert;B-0502-032-04;N/I;Extensión e Invetigación;BIO;;;;;UdeA;;;;;;;;;;;;;;;;;;Si;2;Si (calificación);2;Temperatura;;;57 - 60 °C;;;;;;;;
Patología;Microscopio; 149468 / BIO-8378;BIO-16539;15-156;Patologos;Secretaria Hospital Alma Mater;Olympus;CX41RF;3D40290;Extensión y Docencia;BIO;;;;;UdeA;;;;;;;;;;;;;;;;;;Si;1;No;N/A;N/A;N/A;N/A;N/A;N/A;100 - 120 / 220 - 240 VAC;0,85 / 0,45 A;;;;;Frecuencia: 50/60 Hz
Patología;Microscopio;54 / 137721 / 063469;BIO-16535;15-156;Patologos y residentes;Salon de residentes;Olympus;CX21FS1;0E86198;Docencia;BIO;;;;;UdeA;;;;;;;;;;;;;;;;;;Si;1;No;N/A;N/A;N/A;N/A;N/A;N/A;100 - 120 / 220 - 240 VAC;0,42 / 0,25 A;;;;;Frecuencia: 50/60 Hz
Patología;Microscopio;61612 - 063470;Pendiente;N/A;Solangy Galeano;Salon residentes (armario);Nikon;Ys2-T;138706;N/A;BIO;N/A;N/A;;N/A;UdeA;N/A;N/A;N/A;N/A;N/A;N/A;N/A;N/A;;N/A;N/A;N/A;N/A;N/A;N/A;N/A;N/A;No;N/A;No;N/A;N/A;N/A;N/A;N/A;N/A;N/A;N/A;N/A;N/A;N/A;N/A;N/A
Patología;Micrótomo Rotación;UdeA2001099;Pendiente;N/A;Solangy Galeano;;American Optical;820;64266;N/A;BIO;N/A;N/A;;N/A;UdeA;N/A;N/A;N/A;N/A;N/A;N/A;N/A;N/A;;N/A;N/A;N/A;N/A;N/A;N/A;N/A;N/A;No;N/A;No;N/A;N/A;N/A;N/A;N/A;N/A;N/A;N/A;N/A;N/A;N/A;N/A;N/A
Patología;Micrótomo Rotación;BIO 2874;Pendiente;N/A;Solangy Galeano;Cuarto criostato;Thermo Shandon;Finesse 325;FI14490210;N/A;BIO;N/A;N/A;;N/A;UdeA;N/A;N/A;N/A;N/A;N/A;N/A;N/A;N/A;;N/A;N/A;N/A;N/A;N/A;N/A;N/A;N/A;No;N/A;No;N/A;N/A;N/A;N/A;N/A;N/A;N/A;N/A;N/A;N/A;N/A;N/A;N/A
Patología;Nevera;137769;Pendiente;;Solangy Galeano;Cafetín;Haceb;N257L;90728431;N/A;IND;N/A;N/A;;;UdeA;;;;;;;;;;;;;;;;;;No;N/A;No;N/A;;;;;;;;;;;;
Patología;pH metro;BIO-6659;BIO-6659;15-164;Juliana;Corte macro;Milwaukee;PH41;1113818;Extensión e Invetigación;BIO;;;;;UdeA;;;;;;;;;;;;;;;;;;Si;2;Si;2;pH ;;;;;N/A;N/A;N/A;N/A;N/A;N/A;N/A
Patología;Procesador de Tejidos;BIO-2881;BIO-2881;15-190;Juliana;Histotécnica;Thermo Shandon;CITADEL 2000;CB1310A0301;Extensión e Invetigación;BIO;;;;;UdeA;;;;;;;;;;;;;;;;;;Si;2;Si;2;;;;;;;;;;;;
Patología;Regulador de voltaje;100194;Pendiente;NT;Juliana;Histotécnica (Central de inclusión 178684;IPL;N/I;K3456;Extensión e Invetigación;IND;;;;;UdeA;;;;;;;;;;;;;;;;;;Si;1;No;N/A;;;;;;;;;;;;
Patología;Regulador de voltaje;175837;Pendiente;;Solangy Galeano;;CDP;R-AVR 3008;160622-2460040;;IND;;;;;UdeA;;;;;;;;;;;;;;;;;;Si;1;No;N/A;;;;;;;;;;;;
Patología;Termómetro;BIO-9585;BIO-9585;;Juliana;Cuarto criostato (central de inclusión cotingencia);Taylor;N/I;1452;Extensión e Invetigación;BIO;;;;;UdeA;;;;;;;;;;;;;;;;;;No;N/A;Si;1;;;;;;N/A;N/A;N/A;N/A;N/A;N/A;N/A
Patología;Termómetro digital criostato;BIO 5215;BIO-5215;;Solangy Galeano;;Extech;401014;N/I;;BIO;;;;;UdeA;;;;;;;;;;;;;;;;;;No;N/A;No;N/A;;;;;;;;;;;;
Patología;Timer;BIO-2883;BIO-2883;14-053;Juliana;Histoquímica;N/I;N/I;N/I;Extensión e Invetigación;BIO;;;;;UdeA;;;;;;;;;;;;;;;;;;No;N/A;Si;1;Tiempo (2 tiempos);;;;;N/A;N/A;N/A;N/A;N/A;N/A;N/A
Patología;Timer;BIO-5430;BIO-5430;14-053;Juliana;Histoquímica;N/I;N/I;N/I;Extensión e Invetigación;BIO;;;;;UdeA;;;;;;;;;;;;;;;;;;No;N/A;Si;1;Tiempo (2 tiempos);;;;;N/A;N/A;N/A;N/A;N/A;N/A;N/A
Patología;UPS;175839 / 063450;Pendiente;NT;Juliana;Histotécnica;CDP;UPO 11-2AX;879071000536;Extensión e Invetigación;IND;;;;;UdeA;;;;;;;;;;;;;;;;;;Si;1;No;N/A;N/A;N/A;N/A;N/A;N/A;Entrada: 120 VAC                        Salida: 120VAC; Entrada: 16,6 A Salida: 13,3 A;;;;;Potencia aparente de salida: 2000 VA Potencia activa de salida: 1800 W Frecuencia salida: 50/60 Hz             Monofasico
Patología;Microscopio;63 / 52749;Pendiente;N/A;Jesica y Juliana;Almacen;Nikon;NI;NI;N/A;BIO;N/A;N/A;;N/A;UdeA;N/A;N/A;N/A;N/A;N/A;N/A;N/A;N/A;;N/A;N/A;N/A;N/A;N/A;N/A;N/A;N/A;No;N/A;No;N/A;N/A;N/A;N/A;N/A;N/A;N/A;N/A;N/A;N/A;N/A;N/A;N/A
Patología;Equipo de Inmunohistoquímica;203438;BIO-16513;;Martha Londoño;Inmunohistoquímica;VITRO;MD STAINER;PC21033;Extensión e Invetigación;BIO;Clase IIa;INVIMA 2020DM-0020965;;30/11/2022 (Acta de entrega) 25/01/2023 (Instalación);UdeA;21/06/21;830.064.712-1;Labtronics;SI;;Compra;;;;;;;;;;;;Si;2;No;N/A;;;;;;100 - 240 VAC;;;;;;Potencia 875 W    Frecuencia 50 - 60 Hz
Patología;Equipo de Inmunohistoquímica;203457;BIO-16514;;Martha Londoño;Inmunohistoquímica;VITRO;MD STAINER;22086;Extensión e Invetigación;BIO;Clase IIa;INVIMA 2020DM-0020965;;13/01/2023 (Acta de entrega) 25/01/2023 (Instalación);UdeA;18/10/22;830.064.712-1;Labtronics;SI;;Compra;;;;;;;;;;;;Si;2;No;N/A;;;;;;100 - 240 VAC;;;;;;Potencia 875 W    Frecuencia 50 - 60 Hz
Patología;UPS;NT;Pendiente;;Martha Londoño;Inmunohistoquímica (MD STAINER serie PC21033);Soltec;NI;210810-83050055;Extensión e Invetigación;IND;N/A;N/A;;;UdeA;;;;;;;;;;;;;;;;;;Si;1;No;N/A;;;;;;Entrada: 120 VAC Salida: 120VAC;Entrada: 16 A Salida: 17 A;;;;;Frecuencia: 60 Hz Potencia: 2000 VA/1800 W Monofásico
Patología;UPS;NT;Pendiente;;Martha Londoño;Inmunohistoquímica (MD STAINER serie 22086);BC Electronics;EA903II;900031801040731;Extensión e Invetigación;IND;N/A;N/A;;;UdeA;;;;;;;;;;;;;;;;;;Si;1;No;N/A;;;;;;Entrada: 80 - 150 VAC                        Salida: 120VAC; Salida: 22 A;;;;;Potencia aparente de salida: 3000 VA Potencia activa de salida: 2700 W Frecuencia salida: 60 Hz
Patología;Sistema de agua ultra pura;NT;BIO-16516;15-612;Martha Londoño;Inmunohistoquímica;MORA;MORA;202212899;Extensión e Invetigación;IND;N/A;N/A;;;UdeA;;;;SI;ene-28;Compra;;;;;;;;;;;;Si;1;No;N/A;;;;;;110 - 115 VAC;3 A;;;;;
Patología;Centrifuga;205301;BIO-16515;10-780;Jesica Restrepo;Histoquímica;HANIL;FLETA 40P;HICMF223011602001;Extensión e Invetigación;BIO;Clase I  ;INVIMA 2014DM-0011166;;01/08/2023 (factura);UdeA;Enero 2023;830.068.852-2;BPL MEDICAL S.A.S;SI;1/08/24;Compra;Factura;6398;;;SI;SI;SI (ING);SI (PROV);;SI;;Si;1;Si;1;Velocidad;Máx. 4000 rpm;;;;100 - 110 VAC;;30 - 50 %HR;5 - 35 °C;44,85 x 53,1 x 28,6 cm;25 kg;Potencia 500 VA
Patología;Timer;NT;BIO-16517;14-053;Martha Londoño;Inmunohistoquímica;Kex Germany;PS-370;NI;Extensión e Invetigación;BIO;;;;;UdeA;;;;;;;;;;;;;;;;;;No;N/A;Si;1;Tiempo (3 tiempos);;;;;N/A;N/A;N/A;N/A;N/A;N/A;N/A
Patología;Agitador magnetico;32074 / 064557;BIO-16518;15-651;Juliana;Cuarto criostato;Precision scientific;THERM-O-SWIRL JACK (CAT.69307);10AA10;Extensión e Invetigación;BIO;;;;;UdeA;;;;;;;;;;;;;;;;;;Si;1;No;N/A;Temperatura ;T. máx. 371,11 °C;;;;120 VAC;4,4 A;;;;;Potencia 525 W    Frecuencia 50/60 Hz
Patología;Microscopio de fluorescencia;023139;BIO-16901;16-439;Patologos;Oficinas Patologos;Nikon;NIKON 50I;810469;Extensión y Docencia;BIO;;;;;UdeA;;;;;;;;;;;;;;;;;;Si;1;No;N/A;N/A;N/A;N/A;N/A;N/A;;;;;;;
Patología;Lavaojos;NT;Pendiente;NT;Juliana Duque;Corte macro;Impleseg;NI;NI;Extensión e Invetigación;IND;;;;;UdeA;;;;;;;;;;;;;;;;;;Si;1;No;N/A;;;;;;;;;;;;
Patología;Ducha + lavaojos;NT;Pendiente;NT;Juliana Duque;Histoquímica;NI;NI;NI;Extensión e Invetigación;IND;;;;;UdeA;;;;;;;;;;;;;;;;;;Si;1;No;N/A;;;;;;;;;;;;
Patología;Congelador;LIME 644;Pendiente;;Juliana Duque;HSVF Patologia, Bloque 13, Inmunohistoquímica;Infrico;LTF40SD;3000957835;Extensión e Invetigación;BIO;Clase IIa;INVIMA 2023DM-0026731;;"Entrega 13/12/2024 
Instalación  16/12/2024";UT LIME;;800.154.351-3;BLAMIS DOTACIONES LABORATORIO S.A.S;Si;11/12/25;Compra;Factura;E 160790;$ 18.203.002;;;;;;;;;Si;2;Si (calificación);2;;;;;;;;;;;;
Patología;Refrigerador;LIME 645;Pendiente;;Juliana Duque;HSVF Patologia, Bloque 13, Inmunohistoquímica;Infrico;LTR40SD;3000957815;Extensión e Invetigación;BIO;Clase IIa;INVIMA 2023DM-0026731;;"Entrega 13/12/2024 
Instalación  16/12/2024";UT LIME;;800.154.351-3;BLAMIS DOTACIONES LABORATORIO S.A.S;Si;11/12/25;Compra;Factura;E 160790;$ 14.660.455;;;;;;;;;Si;2;Si (calificación);2;;;;;;;;;;;;
Patología;Refrigerador-congelador;LIME 643;Pendiente;;Juliana Duque;HSVF Patologia, Bloque 13, Pasillo Histotecnica;Infrico;LERF40S;3001025617;Extensión e Invetigación;BIO;Clase IIa;INVIMA 2023DM-0026731;;"Entrega 25/02/2025 
Instalación  03/03/2025";UT LIME;;800.154.351-3;BLAMIS DOTACIONES LABORATORIO S.A.S;Si;25/02/26;Compra;Factura;E 166726;$ 18.811.627;;;;;;;;;Si;2;Si (calificación);2;;;;;;;;;;;;
Patología;Termometro;MC LIME-039;Pendiente;;Juliana Duque;HSVF-Patologia;HALTHEN;TA268;29845;;BIO;;;;Factura 06/05/2025;UT LIME;;900.355.024-5;Equipos y laboratorio de Colombia;;;Compra;Factura;FE15294;$ 230.860;;;;;;;;;No;N/A;Si;1;;;;;;;;;;;;
Patología;Termometro;MC LIME-040;Pendiente;;Juliana Duque;HSVF-Patologia;HALTHEN;TA268;32146;;BIO;;;;Factura 06/05/2025;UT LIME;;900.355.024-5;Equipos y laboratorio de Colombia;;;Compra;Factura;FE15294;$ 230.860;;;;;;;;;No;N/A;Si;1;;;;;;;;;;;;
Patología;Termohigrometro;MC LIME-041;Pendiente;;Juliana Duque;HSVF-Patologia;HALTHEN;TTH-002;33505;;BIO;;;;Factura 06/05/2025;UT LIME;;900.355.024-5;Equipos y laboratorio de Colombia;;;Compra;Factura;FE15294;$ 255.850;;;;;;;;;No;N/A;Si;1;;;;;;;;;;;;
Patología;Termohigrometro;MC LIME-042;Pendiente;;Juliana Duque;HSVF-Patologia;HALTHEN;TTH-002;33508;;BIO;;;;Factura 06/05/2025;UT LIME;;900.355.024-5;Equipos y laboratorio de Colombia;;;Compra;Factura;FE15294;$ 255.850;;;;;;;;;No;N/A;Si;1;;;;;;;;;;;;
Patología;Timer 4 canales;;Pendiente;;Juliana Duque;HSVF-Patologia;Traceable;5004TR;250071665;;BIO;;;;Factura 10/06/2025;UT LIME;;800.154.351-3;BLAMIS DOTACIONES LABORATORIO S.A.S;;;Compra;Factura;E 168349;$ 228.480;;;;;;;;;No;N/A;Si;1;;;;;;;;;;;;
Patología;Timer 4 canales;;Pendiente;;Juliana Duque;HSVF-Patologia;Traceable;5004TR;250071664;;BIO;;;;Factura 10/06/2025;UT LIME;;800.154.351-3;BLAMIS DOTACIONES LABORATORIO S.A.S;;;Compra;Factura;E 168349;$ 228.480;;;;;;;;;No;N/A;Si;1;;;;;;;;;;;;
Patología;Timer 4 canales;;Pendiente;;Juliana Duque;HSVF-Patologia;Traceable;5004TR;250071653;;BIO;;;;Factura 10/06/2025;UT LIME;;800.154.351-3;BLAMIS DOTACIONES LABORATORIO S.A.S;;;Compra;Factura;E 168349;$ 228.480;;;;;;;;;No;N/A;Si;1;;;;;;;;;;;;
Patología;Timer 4 canales;;Pendiente;;Juliana Duque;HSVF-Patologia;Traceable;5004TR;250071716;;BIO;;;;Factura 10/06/2025;UT LIME;;800.154.351-3;BLAMIS DOTACIONES LABORATORIO S.A.S;;;Compra;Factura;E 168349;$ 228.480;;;;;;;;;No;N/A;Si;1;;;;;;;;;;;;